ExonSnpDensity,ExonConservation,ExonHapMapSnpDensity,MGAPHC,MGAEntropy,UniprotDOM_PostModEnz,HMMEntropy,HMMRelEntropy,MGARelEntropy,HMMPHC,PredBFactorM,PredBFactorF,PredRSAE,PredRSAB,AAPolarity,PredBFactorS,RegCompP,AAEx,PredStabilityH,AAHydrophobicity,RegCompH,AAGrantham,UniprotREP,PredStabilityL,AABLOSUM,AAPAM250,AAVB,PredSSE,PredRSAI,RegCompILVM,RegCompWYF,UniprotNPBIND,PredSSC,AAHapMap,UniprotDOM_LOC,AACOSMICvsHapMap,UniprotDOM_PostModRec,RegCompG,UniprotACTSITE,AAVolume,AACOSMIC,AACOSMICvsSWISSPROT,UniprotCARBOHYD,UniprotZNFINGER,AAMJ,UniprotMETAL,PredSSH,UniprotDOM_TF,UniprotMOTIF,UniprotDOM_MMBRBD,UniprotDOM_RNABD,UniprotDOM_Chrom,UniprotSECYS,UniprotDISULFID,UniprotLIPID,UniprotSIGNAL,UniprotCABIND,UniprotPROPEP,UniprotSITE,UniprotBINDING,UniprotMODRES,UniprotDNABIND,RegCompQ,UniprotTRANSMEM,UniprotCOMPBIAS
1.575985237,-0.046508793,-0.382224179,0.031941187,-0.268558624,-0.10092514,0.126627559,0.307064849,0.29460401,0.095411005,-0.798400281,-0.57132077,-0.77891641,1.370998092,-0.175224796,0.841782816,-0.635385682,-0.436084676,-0.89543652,-0.389676304,0.818010058,0.855494942,-0.153591544,2.855642704,-0.276637246,0.307083886,0.072748762,0.002137217,-0.518232844,-0.354357964,0.560240136,-0.03512882,-0.006128744,0.31833949,-0.048952958,1.00853443,-0.032446486,-0.675190995,-0.010558941,1.451772817,0.462537073,0.408010523,-0.026630984,-0.101254763,0.008759015,-0.017031502,0.0033683,-0.045954758,-0.033146922,-0.051134604,-0.061409936,-0.014461759,-0.001336341,-0.006932133,-0.006769211,-0.003436668,-0.014634726,-0.028442416,-0.010349295,-0.015444324,-0.044125485,-0.043436232,-0.610373886,-0.136437615,-0.138945761
1.446989915,-0.15115312,0.519628217,-0.025469667,0.936044328,-0.10092514,-0.280626472,-0.365335913,-0.241009134,-0.053885265,0.449501553,0.096634783,0.993951357,-0.716470934,-0.784641717,-0.432139272,0.031952962,0.209503584,0.501970386,-0.865947343,0.818010058,-0.313430628,-0.153591544,-0.598757458,0.687759638,0.6697626,0.276014372,-0.000693636,-0.592476587,-0.620791063,0.560240136,-0.03512882,0.010057845,0.265041916,-0.048952958,-0.659167841,-0.032446486,-0.675190995,-0.010558941,-0.03411922,0.094843693,0.0930453,-0.026630984,-0.101254763,1.110421049,-0.017031502,-0.005511003,-0.045954758,-0.033146922,-0.051134604,-0.061409936,-0.014461759,-0.001336341,-0.006932133,-0.006769211,-0.003436668,-0.014634726,-0.028442416,-0.010349295,-0.015444324,-0.044125485,-0.043436232,-0.610373886,-0.136437615,-0.138945761
